类别,字段代码,手动输入项（中文）,英文对应,单位,示例值,实际输入值,说明,常见证据,主要影响输出
A. 基本身份,manufacturer_name,制造商名称,manufacturer name,文本,CATL,CATL,公司主体识别字段,营业执照/年报,EU+CBAM
A. 基本身份,product_name,演示产品名称,demo product name,文本,神行 PLUS CTP 动力电池包（Demo）,神行 PLUS CTP 动力电池包（Demo）,比赛讲述用产品名,产品主数据,EU
A. 基本身份,model_code,电池型号代码,battery model identifier,文本,SXP-CTP-PACK-DEMO-01,SXP-CTP-PACK-DEMO-01,四层映射的产品锚点,型号注册表,EU+CBAM
A. 基本身份,battery_category,产品类别,battery category,文本,EV battery,EV battery,动力电池场景,技术规格书,EU
A. 基本身份,chemistry,化学体系,chemistry,文本,LFP（磷酸铁锂）,LFP（磷酸铁锂）,影响材料追踪范围,BOM/规格书,EU+CBAM
A. 基本身份,plant_code,制造工厂代码,plant code,文本,CN-JS-PLANT-DEMO-01,CN-JS-PLANT-DEMO-01,EU 强调 plant 级,工厂注册表,EU+CBAM
A. 基本身份,plant_name,制造工厂名称,plant name,文本,江苏时代（Demo）,江苏时代（Demo）,便于人读,工厂主数据,EU
A. 基本身份,reporting_period,产品报告期,reporting period,文本,2025Q4,2025Q4,要从年报周期转成产品周期,排产记录,EU+CBAM
A. 基本身份,pack_capacity_kwh,电池包额定容量,pack capacity,kWh,72,72,用于转换 kgCO2e/kWh,规格书/测试报告,EU
A. 基本身份,nominal_voltage_v,标称电压,nominal voltage,V,800,800,产品公开参数,规格书/测试报告,EU
A. 基本身份,cycle_life_cycles,循环寿命,cycle life,cycles,4000,4000,护照参数层,测试报告,EU
A. 基本身份,individual_battery_prefix,个体电池编码前缀,battery prefix,文本,SXP25Q4,SXP25Q4,用于序列化,序列化规则,EU
A. 基本身份,due_diligence_policy_url,尽调政策链接,due diligence policy URL,文本,https://www.catl.com/,https://www.catl.com/,尽调公开字段,政策文件/官网,EU
A. 基本身份,qr_object_id,护照对象 ID,passport object id,文本,passport-demo-001,passport-demo-001,数字护照对象键,护照系统对象 ID,EU
B. 合规准备状态,pcf_study_status,产品碳足迹研究底稿状态,PCF study status,文本,齐备,齐备,碳足迹声明底稿是否齐备,PCF 研究底稿,EU
B. 合规准备状态,test_report_status,测试报告状态,test report status,文本,齐备,齐备,正式合规评估硬材料,测试报告原件,EU
B. 合规准备状态,technical_doc_status,技术文档状态,technical documentation status,文本,齐备,齐备,Annex VIII 关键材料,图纸/说明书/计算书,EU
B. 合规准备状态,third_party_verification_status,第三方核验状态,third-party verification status,文本,已核验,已核验,碳足迹/再生料/上游 PCF 关键状态,核验声明,EU+CBAM
B. 合规准备状态,passport_data_package_status,护照数据包状态,passport data package status,文本,齐备,齐备,决定护照对象能否生成,结构化数据包,EU
B. 合规准备状态,access_matrix_status,分层访问矩阵状态,access matrix status,文本,齐备,齐备,保护数据主权的关键控制项,访问矩阵文档,EU+CBAM
B. 合规准备状态,supplier_traceability_coverage_pct,供应链追溯覆盖率,traceability coverage,%,0.92,0.92,越高越能支撑尽调与追溯,追溯台账,EU+CBAM
B. 合规准备状态,supplier_pcf_coverage_pct,供应商 PCF 覆盖率,supplier PCF coverage,%,0.76,0.76,决定上游碳数据基础强度,供应商 PCF 报告,EU+CBAM
B. 合规准备状态,critical_material_scope,关键原材料追溯范围,critical material scope,文本,lithium / graphite / aluminium / copper / steel,lithium / graphite / aluminium / copper / steel,当前 demo 覆盖的关键原材料,BOM/追溯记录,EU+CBAM
C. 材料用量,cathode_mass_kg,正极材料质量,cathode mass,kg/pack,140,140,原材料阶段输入,BOM,EU
C. 材料用量,anode_mass_kg,负极材料质量,anode mass,kg/pack,70,70,原材料阶段输入,BOM,EU
C. 材料用量,electrolyte_mass_kg,电解液质量,electrolyte mass,kg/pack,35,35,原材料阶段输入,BOM,EU
C. 材料用量,separator_mass_kg,隔膜质量,separator mass,kg/pack,12,12,原材料阶段输入,BOM,EU
C. 材料用量,copper_mass_kg,铜材质量,copper mass,kg/pack,50,50,原材料阶段输入,BOM,EU
C. 材料用量,aluminium_mass_kg,铝材质量,aluminium mass,kg/pack,80,80,EU 与 CBAM 共同关注,BOM,EU+CBAM
C. 材料用量,steel_mass_kg,钢材质量,steel mass,kg/pack,30,30,EU 与 CBAM 共同关注,BOM,EU+CBAM
C. 材料用量,plastic_mass_kg,塑料件质量,plastic mass,kg/pack,25,25,原材料阶段输入,BOM,EU
C. 材料用量,other_material_mass_kg,其他材料质量,other material mass,kg/pack,100,100,给 demo 留出杂项空间,BOM,EU
D. 材料排放因子,cathode_pcf,正极材料排放因子,cathode PCF,kgCO2e/kg,5.0,5.0,供应商 PCF 或行业因子,供应商 PCF / 因子库,EU
D. 材料排放因子,anode_pcf,负极材料排放因子,anode PCF,kgCO2e/kg,6.5,6.5,供应商 PCF 或行业因子,供应商 PCF / 因子库,EU
D. 材料排放因子,electrolyte_pcf,电解液排放因子,electrolyte PCF,kgCO2e/kg,8.0,8.0,供应商 PCF 或行业因子,供应商 PCF / 因子库,EU
D. 材料排放因子,separator_pcf,隔膜排放因子,separator PCF,kgCO2e/kg,4.5,4.5,供应商 PCF 或行业因子,供应商 PCF / 因子库,EU
D. 材料排放因子,copper_pcf,铜材排放因子,copper PCF,kgCO2e/kg,3.8,3.8,供应商 PCF 或行业因子,供应商 PCF / 因子库,EU
D. 材料排放因子,aluminium_direct_pcf,铝材直接排放因子,aluminium direct factor,kgCO2e/kg,9.0,9.0,可借用到 CBAM direct emissions,supplier PCF / 安装点数据,EU+CBAM
D. 材料排放因子,aluminium_indirect_pcf,铝材间接排放因子,aluminium indirect factor,kgCO2e/kg,5.0,5.0,可借用到 CBAM indirect emissions,supplier PCF / 电力因子,EU+CBAM
D. 材料排放因子,steel_direct_pcf,钢材直接排放因子,steel direct factor,kgCO2e/kg,2.0,2.0,可借用到 CBAM direct emissions,supplier PCF / 安装点数据,EU+CBAM
D. 材料排放因子,steel_indirect_pcf,钢材间接排放因子,steel indirect factor,kgCO2e/kg,0.7,0.7,可借用到 CBAM indirect emissions,supplier PCF / 电力因子,EU+CBAM
D. 材料排放因子,plastic_pcf,塑料件排放因子,plastic PCF,kgCO2e/kg,3.0,3.0,供应商 PCF 或行业因子,供应商 PCF / 因子库,EU
D. 材料排放因子,other_material_pcf,其他材料排放因子,other material PCF,kgCO2e/kg,2.3,2.3,供应商 PCF 或行业因子,供应商 PCF / 因子库,EU
E. 制造能耗与工艺,grid_electricity_kwh,电网电使用量,grid electricity use,kWh/pack,450,450,制造阶段 Scope 2 类输入,电表/电费单,EU+CBAM
E. 制造能耗与工艺,green_electricity_kwh,绿电使用量,green electricity use,kWh/pack,150,150,体现零碳园区优势,绿证/PPA/电表,EU
E. 制造能耗与工艺,green_electricity_factor,绿电排放因子,green electricity factor,kgCO2e/kWh,0.05,0.05,demo 因子,方法说明/因子库,EU
E. 制造能耗与工艺,grid_electricity_factor,电网电排放因子,grid electricity factor,kgCO2e/kWh,0.55,0.55,demo 因子,方法说明/因子库,EU+CBAM
E. 制造能耗与工艺,steam_mj,蒸汽使用量,steam use,MJ/pack,220,220,制造阶段能源输入,蒸汽台账/发票,EU
E. 制造能耗与工艺,steam_factor,蒸汽排放因子,steam factor,kgCO2e/MJ,0.07,0.07,demo 因子,方法说明/因子库,EU
E. 制造能耗与工艺,natural_gas_mj,天然气使用量,natural gas use,MJ/pack,120,120,制造阶段直接燃料输入,燃气台账/发票,EU
E. 制造能耗与工艺,natural_gas_factor,天然气排放因子,natural gas factor,kgCO2e/MJ,0.056,0.056,demo 因子,方法说明/因子库,EU
E. 制造能耗与工艺,direct_process_emissions,直接工艺排放,direct process emissions,kgCO2e/pack,18,18,补充非能耗类排放,工艺排放记录,EU
E. 制造能耗与工艺,production_yield_pct,生产良率,production yield,%,0.94,0.94,良率越低单位排放越高,生产台账/MES,EU
F. 运输与生命周期,inbound_transport_kgco2,上游来料运输排放,inbound transport,kgCO2e/pack,24,24,运输阶段输入,物流记录,EU
F. 运输与生命周期,outbound_transport_kgco2,下游出货运输排放,outbound transport,kgCO2e/pack,18,18,运输阶段输入,物流记录,EU
F. 运输与生命周期,end_of_life_credit_kgco2,终端回收信用,end-of-life credit,kgCO2e/pack,-15,-15,允许负值表示信用,回收方案/方法学,EU
G. 再生材料,recycled_cobalt_pct,再生钴占比,recycled cobalt share,%,0,0,LFP 常为 0,质量平衡/供应商声明,EU
G. 再生材料,recycled_lithium_pct,再生锂占比,recycled lithium share,%,0.08,0.08,欧盟电池法重点项,质量平衡/供应商声明,EU
G. 再生材料,recycled_nickel_pct,再生镍占比,recycled nickel share,%,0,0,LFP 常为 0,质量平衡/供应商声明,EU
G. 再生材料,recycled_lead_pct,再生铅占比,recycled lead share,%,0,0,动力电池场景通常较低,质量平衡/供应商声明,EU
G. 再生材料,recycled_aluminium_pct,再生铝占比,recycled aluminium share,%,0.18,0.18,有助于上游减碳叙事,质量平衡/供应商声明,EU+CBAM
G. 再生材料,recycled_steel_pct,再生钢占比,recycled steel share,%,0.22,0.22,有助于上游减碳叙事,质量平衡/供应商声明,EU+CBAM
H. CBAM 影子输入,aluminium_supplier_installation_id,铝材供应商安装点 ID,aluminium installation ID,文本,AL-SUP-001,AL-SUP-001,借鉴 CBAM installation 逻辑,供应商安装点主数据,CBAM
H. CBAM 影子输入,steel_supplier_installation_id,钢材供应商安装点 ID,steel installation ID,文本,ST-SUP-001,ST-SUP-001,借鉴 CBAM installation 逻辑,供应商安装点主数据,CBAM
H. CBAM 影子输入,upstream_reporting_period,上游材料报告期,upstream reporting period,文本,2025Q4,2025Q4,最好与产品报告期对齐,供应商报告期记录,CBAM
H. CBAM 影子输入,aluminium_verifier_status,铝材核验状态,aluminium verifier status,文本,已核验,已核验,体现 verifier discipline,供应商核验报告,CBAM
H. CBAM 影子输入,steel_verifier_status,钢材核验状态,steel verifier status,文本,已核验,已核验,体现 verifier discipline,供应商核验报告,CBAM
